PropertyOrGLLossesInLast3Years,LeadOrMoldIssues,TranBackDt,OccupancyTypeCat,ConstructionTypeCat,TotalSquareFeet,CommercialSquareFeet,YearBuilt,NumberOfStories,PercentageOccupied,AnyBuildingViolations,Mercantile,RenovationGutRehabEverDone,BuildingLimit,RentLimit,Premium,OnboardResp
0,0,0,2,1,3100,1800,1930,2,0,0,1,0,350000,0,0,1
0,0,0,2,1,3526,2000,1931,2,100,0,1,0,350000,0,0,1
0,0,0,2,1,3600,1200,1928,3,100,0,1,0,350000,0,20303,1
0,0,0,2,1,1896,0,1920,2,100,0,0,0,350000,0,3156,1
1,0,0,2,2,7600,7600,2004,1,100,0,1,0,350000,0,41555,1
0,0,0,2,4,3024,0,1995,3,100,0,0,0,350000,0,3018,1
0,0,0,2,5,2990,1017,1930,3,100,0,1,0,350000,50000,4855,1
0,0,0,2,5,4600,2300,1931,2,100,0,1,0,350000,0,5166,1
0,0,0,4,1,6000,0,1904,5,100,0,0,0,350000,0,6528,1
0,0,0,2,1,24720,0,1931,4,100,0,0,0,350000,0,13804,1
0,0,0,3,5,2976,0,1962,2,100,0,0,0,350000,0,0,1
0,0,0,2,1,58500,0,1926,5,100,0,0,0,350000,0,0,1
0,0,0,2,1,3247,0,1931,4,100,0,0,0,350000,0,0,1
0,0,0,2,5,2310,0,1901,3,100,0,0,0,350000,0,1409,1
0,0,0,2,1,7039,3583,1910,3,100,0,1,0,350000,0,6300,1
0,0,0,2,1,2447,0,1950,2,100,0,0,0,350000,30600,3499,1
0,0,0,2,1,3600,500,1910,3,75,0,1,0,350000,5400,20303,1
0,0,1,2,1,1760,880,1940,2,100,0,1,0,350000,25000,4755,0
0,0,0,2,1,11858,1525,1900,7,90,0,1,0,350000,0,0,1
0,0,0,2,5,2000,0,1901,2,100,0,0,0,350000,0,0,1
0,0,0,2,3,60000,0,1930,6,100,0,0,0,350000,0,0,1
0,0,1,2,1,4004,0,1950,3,100,0,0,0,350000,0,0,0
0,0,1,2,1,1652,0,1942,1,100,0,0,0,350000,0,2360,0
0,0,0,2,1,41600,0,1940,4,100,0,0,0,350000,0,0,1
1,0,0,4,1,3756,0,2013,3,100,0,0,0,350000,0,2906,1
0,0,0,2,3,6778,1130,1920,6,100,0,1,0,350000,0,83343,1
0,0,0,2,1,70000,0,1961,6,100,0,0,0,350000,0,0,1
0,0,0,3,1,1680,0,1945,1,100,0,0,0,350000,0,864,1
0,0,0,2,1,20250,0,1928,5,75,0,0,0,350000,0,16151,1
0,0,0,2,1,3744,1800,1930,2,52,0,1,0,350000,0,1696,1
0,0,1,2,1,2000,0,1929,3,100,0,0,0,350000,75000,0,0
0,0,0,2,1,19980,1998,1900,6,94,0,1,0,350000,0,13939,1
0,0,0,2,1,1344,672,1901,2,100,0,1,0,350000,0,2886,1
0,0,0,2,1,4030,0,1938,3,0,0,0,0,350000,0,3452,1
0,0,0,2,1,27133,0,1929,5,100,1,0,0,350000,0,15229,1
0,0,1,2,1,2500,750,1940,2,100,0,1,1,350000,72000,1686,0
0,0,0,2,1,3787,0,1931,4,100,0,0,0,350000,0,0,1
0,0,0,2,1,1451,0,1910,2,100,0,0,0,360000,13000,2343,1
0,0,0,2,1,1900,0,1950,2,100,0,0,0,364140,20000,4590,1
0,0,0,2,1,2200,1100,1935,2,100,0,1,0,379000,59000,1632,1
0,0,0,2,1,1184,0,1920,2,100,0,0,0,393000,70000,0,1
0,0,0,2,1,2295,0,1910,2,100,0,0,0,395000,0,1248,1
0,0,0,2,3,1660,830,1915,2,100,0,1,0,397884,100000,0,1
1,0,1,2,3,1660,830,1915,2,100,0,1,0,397884,100000,0,0
0,0,0,3,1,1800,0,1960,2,100,0,0,0,400000,40000,1588,1
0,0,0,2,1,2212,0,1950,2,100,0,0,1,403520,48000,0,1
0,0,0,3,1,2018,0,1900,2,100,0,0,0,410000,20000,1447,1
0,0,0,3,1,2080,0,1925,2,100,0,0,0,427400,0,2831,1
0,0,0,3,5,2003,0,1930,2,100,0,0,0,437000,0,1057,1
0,0,0,3,1,2200,0,1970,2,100,0,0,0,440000,24000,1632,1
0,0,0,2,1,2200,0,1965,3,100,0,0,0,440000,100000,1632,1
0,0,0,3,1,1966,0,1966,2,100,0,0,0,450000,25000,3501,1
1,0,0,3,3,1720,0,1899,2,100,0,0,0,450000,30000,0,0
0,0,0,2,1,1175,0,1945,2,100,0,0,0,460000,40000,0,1
0,0,0,3,1,1696,0,1910,2,100,0,0,0,467000,0,0,1
0,0,0,2,1,2045,0,1965,2,0,0,0,0,468000,35000,2170,1
0,0,0,2,1,2740,0,1950,3,100,0,0,0,472000,40000,0,1
0,0,0,2,1,2593,0,1960,3,100,0,0,0,476500,62400,0,1
0,0,0,2,1,1480,0,1940,2,100,0,0,0,481000,0,1493,1
0,0,0,2,1,2700,1350,1931,2,100,0,1,0,486000,49000,5364,1
0,0,1,2,1,2500,750,1940,2,100,0,1,1,488000,72000,1686,0
0,0,0,2,1,2772,0,1950,2,100,0,0,1,490000,45000,2284,1
0,0,1,3,1,2808,0,1910,2,100,0,0,0,500000,125000,0,0
0,0,1,1,2,1700,0,1900,6,100,0,0,0,500000,36000,6188,0
1,0,0,2,1,2280,0,2006,4,100,0,0,0,500000,40000,1722,1
0,1,0,3,1,2500,0,1920,2,100,0,0,0,500000,40000,1686,1
0,0,0,2,1,2200,700,1910,3,100,0,1,0,500000,80000,1632,1
1,0,0,2,1,2280,0,2006,4,100,0,0,0,500000,40000,1722,1
0,0,0,2,1,2500,0,1931,2,100,0,0,0,500000,50000,1686,1
0,0,0,3,1,2400,0,1910,4,100,0,0,0,500000,0,1305,1
0,0,0,2,1,3150,1350,1901,3,100,0,1,0,500000,75000,1769,1
0,0,0,2,1,2304,0,1930,2,100,0,0,0,500000,50000,3952,1
0,0,0,2,1,2112,0,1930,2,100,0,0,0,500000,104172,1606,1
0,0,0,2,1,2194,0,1920,2,100,0,0,0,500000,150000,1389,1
0,0,0,3,1,1440,0,1960,3,100,0,0,0,500000,18000,2091,1
0,0,0,2,1,2646,1200,1935,2,100,0,1,0,500000,72000,0,1
0,0,0,2,1,1900,0,1925,2,100,0,0,1,500000,45000,4590,1
0,0,0,2,1,2437,0,1920,2,100,0,0,0,507000,0,1863,1
0,0,0,3,1,1720,0,1950,2,100,0,0,0,515000,30000,0,1
0,0,0,3,1,1720,0,1950,2,100,0,0,0,515000,30000,0,1
0,0,0,2,1,2136,0,1910,2,100,0,0,0,515000,30000,8735,1
0,0,0,2,1,2000,0,1940,2,100,0,0,0,516000,20000,0,1
0,0,0,2,1,2592,0,1950,3,100,0,0,0,518000,65000,2697,1
0,0,0,3,1,2211,0,1930,1,100,0,0,0,520000,0,1548,1
0,0,0,3,1,2568,0,1910,2,100,0,0,0,520000,158000,1440,1
0,0,0,2,1,2800,0,1901,3,100,0,0,0,525000,75000,3958,1
0,0,0,4,1,2208,0,1900,3,100,0,0,0,526606,0,1682,1
0,0,0,2,1,2370,0,1940,2,100,0,0,0,539000,55200,998,1
0,0,0,2,1,1956,0,1955,2,100,0,0,0,540000,34000,5021,1
1,0,1,2,3,3627,0,1915,3,100,0,1,0,545670,150000,1851,0
0,0,0,3,1,2160,0,1920,2,100,0,0,0,549000,50000,1802,1
0,0,0,2,1,2280,1100,1931,2,100,0,1,0,550000,72000,1722,1
0,0,0,2,1,2440,0,1915,3,100,0,0,0,550000,0,1467,1
0,0,0,3,1,1520,0,1950,2,100,0,0,1,550000,50000,4467,1
0,0,0,2,1,1842,0,1945,2,100,0,0,0,550000,66000,2009,1
0,0,0,2,1,1760,0,1925,2,100,0,0,0,550000,40000,4755,1
0,0,0,2,3,2504,0,1925,3,100,0,0,0,553000,40000,1202,1
0,0,0,2,1,3240,0,1931,4,100,0,0,0,558000,75000,3126,1
0,0,0,3,1,2244,0,1971,3,100,0,0,0,566000,0,1791,1
0,0,0,2,1,2860,0,1975,3,100,0,0,0,572000,50000,4075,1
0,0,0,3,1,2700,0,1950,3,100,0,0,0,572220,75000,5364,1
0,0,0,3,1,2500,0,1899,4,100,0,0,0,580000,40000,1686,0
1,0,0,3,1,1024,0,1625,2,100,0,0,0,581632,0,1966,0
0,0,1,4,1,3300,0,2003,3,100,0,0,0,584000,25000,4875,0
0,0,0,2,1,3300,1500,1933,2,100,0,1,0,585000,76000,4875,1
5,5,1,2,1,3400,1000,1920,3,100,0,1,0,595000,60000,2755,0
0,0,0,2,1,2280,0,1960,2,100,0,0,0,598000,93000,1722,1
1,0,0,2,1,3060,0,1899,2,100,0,0,0,600000,150000,1314,0
0,0,0,2,1,3200,0,1900,3,100,0,0,0,600000,75000,20303,1
0,0,0,2,1,2700,0,1955,3,100,0,0,0,600000,36000,5364,1
0,0,0,2,1,2700,900,1960,3,100,0,1,0,600000,30000,5364,1
1,0,0,2,1,2880,0,1905,3,100,0,0,0,600000,60000,4537,0
0,0,0,3,1,2000,0,1925,2,100,0,0,0,600000,30000,0,1
0,0,0,2,1,2900,0,1900,2,100,0,0,0,600000,36000,0,1
1,0,0,2,1,2988,0,1899,3,100,0,0,0,600000,75000,3785,0
0,1,0,3,1,2000,0,1960,2,100,0,0,0,600000,60000,0,1
0,0,0,2,1,3200,0,1910,3,100,0,0,0,600000,75000,20303,1
0,0,0,2,1,3224,0,1920,2,100,0,0,0,601809,180543,1740,1
1,0,0,2,1,2400,800,2005,3,100,0,1,0,603500,60350,1305,1
0,0,0,3,1,2150,0,1945,2,100,0,0,0,603900,0,0,1
0,0,0,2,1,2440,0,1925,2,100,0,0,0,608000,66000,1467,1
0,0,0,3,1,1989,0,1935,2,100,0,0,0,612000,30000,2885,1
0,0,0,3,1,2160,0,1920,3,100,0,0,0,613000,50000,1802,1
0,0,0,2,1,4125,1100,1931,3,100,0,1,0,620000,55000,5650,1
0,0,1,2,1,3600,0,1899,4,100,0,0,1,620000,0,20303,0
0,0,0,2,1,3600,1200,1970,3,100,0,1,0,620000,60000,20303,1
0,0,0,3,1,3540,0,1905,2,100,0,0,0,620000,50000,3813,1
0,0,0,2,1,3600,787,1920,3,100,0,1,0,620000,90000,20303,1
0,0,0,3,1,2940,0,1910,2,100,0,0,0,625000,20000,0,1
0,0,0,2,1,2124,0,1910,2,100,0,0,0,627403,35000,1228,1
1,0,0,2,1,2890,0,2005,3,100,0,0,0,629500,63180,2945,1
0,0,0,2,1,3230,0,1925,2,100,0,0,0,630000,65000,4243,1
0,0,0,3,1,2560,0,1935,3,100,0,0,0,643000,0,1846,1
0,0,0,2,1,2580,0,1910,3,100,0,0,0,645000,40000,2445,1
0,0,0,2,1,3750,0,1935,2,100,0,0,0,645000,60000,6048,1
0,0,0,2,1,2436,812,1931,3,100,0,1,0,645000,78000,1863,1
0,0,0,2,1,3240,1069,1931,3,100,0,1,0,648000,75000,3126,1
0,0,0,3,1,2200,0,1925,2,100,0,0,0,650000,35000,1632,1
0,0,0,3,1,2620,0,1955,2,100,0,0,0,650000,48000,0,1
0,0,0,2,1,3000,1500,1965,2,100,0,1,0,650000,150000,2830,1
0,0,0,3,1,3240,0,1931,2,100,0,0,0,650000,45000,3126,1
0,0,0,3,1,3213,0,1931,2,100,0,0,0,650000,60000,2000,1
0,0,0,3,1,2480,0,1925,2,100,0,0,0,650000,50000,1516,1
1,0,0,2,1,2750,0,2002,3,100,0,0,0,650000,35000,1928,1
0,0,0,3,1,2208,0,1901,2,100,0,0,0,650000,30000,1682,1
1,0,1,2,1,2505,0,2000,3,100,0,0,0,650000,54000,2048,0
0,0,0,2,1,2500,200,1990,2,100,0,1,0,650000,96000,1686,1
0,0,0,3,1,3207,0,1910,2,100,0,0,0,650000,36000,1525,1
0,0,0,2,1,2000,0,1900,2,100,0,0,0,650000,65000,0,1
0,0,0,2,1,2640,0,1925,2,100,0,0,0,650000,100000,1657,1
0,0,0,2,1,2700,0,1920,3,100,0,0,0,650000,100000,5364,1
0,0,0,2,1,2178,1073,1931,3,100,0,1,0,651000,50000,1822,1
0,0,0,3,1,2850,0,1955,2,100,0,0,0,652995,16800,6059,1
1,0,1,2,1,2644,0,1925,2,100,0,0,0,653000,30000,2741,0
0,0,0,3,1,2528,0,1925,2,100,0,0,0,655000,0,1985,1
0,0,0,2,1,3300,0,1940,3,100,0,0,0,660000,50000,4875,1
0,0,0,2,1,3000,0,1925,2,100,0,0,0,660000,30000,2830,1
0,0,0,3,1,2950,0,1930,2,100,0,0,0,663500,75000,4053,1
0,0,0,3,1,3864,0,1970,3,100,0,0,0,665000,15000,4639,1
0,0,0,3,1,3360,0,1905,2,0,0,0,0,672000,0,5212,1
0,0,0,3,1,3000,0,1910,3,100,0,0,0,675000,30000,2830,1
0,0,0,3,1,2853,951,1935,3,100,0,1,0,675000,67500,6059,1
0,0,0,3,1,3150,0,1990,3,100,0,0,0,676000,25000,1769,1
0,0,0,2,1,3400,0,1930,3,100,0,0,0,680000,50000,2755,1
0,0,0,2,1,3326,1663,1958,3,100,0,1,0,680000,100000,6439,1
0,0,1,2,1,2320,0,1930,2,100,0,0,1,680000,72000,0,0
0,0,0,2,1,2376,0,1940,3,100,0,0,0,683600,72000,3442,1
0,0,0,3,1,2400,0,1930,2,100,0,0,0,684400,30000,1305,1
0,0,0,3,1,2000,0,1910,0,100,0,0,1,685000,12000,0,1
0,0,1,3,1,4000,0,1930,2,100,0,0,0,688000,85000,4780,0
0,0,0,2,1,3470,570,1931,3,100,0,1,0,694000,0,3044,1
0,0,0,2,1,3420,570,1931,3,100,0,1,0,694000,0,3279,1
0,0,0,2,1,1920,0,1920,2,100,0,0,0,700000,30000,1461,1
1,0,1,3,1,3384,0,1920,2,100,0,0,0,700000,120000,0,0
0,0,1,3,1,3984,600,1950,2,0,0,1,0,700000,50000,2775,0
0,0,0,2,1,2965,0,1931,3,100,0,0,1,700000,50000,3159,1
0,0,0,3,1,3200,0,1950,2,100,0,0,0,700000,120000,20303,1
0,0,0,2,1,3021,0,1901,3,100,0,0,0,700000,70000,2600,1
0,0,0,2,1,3000,1000,1940,3,100,0,1,0,700000,170000,2830,1
1,0,0,2,1,3120,0,2005,3,100,0,0,0,700000,105000,3542,1
0,0,0,2,1,2672,0,1900,3,100,0,0,0,700000,154790,3905,1
0,0,0,2,1,2634,0,1961,3,100,0,0,0,700000,100000,2357,1
0,0,0,2,1,2503,0,1910,3,100,0,0,0,700000,55000,1202,1
0,0,0,3,1,3000,0,1900,3,100,0,0,1,700000,25000,2830,1
0,0,0,2,1,2640,0,1931,3,100,0,0,0,700000,72000,1657,1
0,0,0,3,1,2380,0,1930,2,100,0,0,0,700000,25000,0,1
0,0,1,4,4,1900,0,1901,3,0,0,0,0,700000,0,4590,0
0,0,0,2,1,3492,0,1901,2,100,0,0,0,700000,70000,5140,1
0,0,0,2,1,3020,0,1935,2,100,0,0,0,700000,50000,9689,1
0,0,0,3,1,2296,0,1901,2,100,0,0,0,700000,30000,2445,1
0,0,0,2,1,3200,0,1931,2,100,0,0,0,700128,0,20303,1
1,0,0,3,1,3120,0,2005,3,100,0,0,0,703000,140600,3542,1
0,0,1,2,1,3198,0,1930,2,100,0,0,0,703560,120000,3582,0
0,0,0,2,1,2080,0,1925,2,100,0,0,0,709000,38000,2831,1
0,0,0,2,1,3042,0,1901,2,100,0,0,0,713500,60000,5100,1
0,0,0,2,1,2872,0,1930,2,100,0,0,0,715000,150000,3096,1
0,0,0,2,1,4773,0,1930,3,100,0,0,0,715950,82000,6231,1
0,0,0,3,1,2400,0,1970,3,100,0,0,0,718960,30000,1305,1
0,0,0,2,1,3600,0,1919,3,100,0,0,0,720000,50000,20303,1
0,0,0,2,1,3605,0,1988,3,100,0,0,0,721000,25000,0,1
0,0,0,2,1,3234,1078,1923,3,100,0,1,0,739442,73942,2620,1
0,0,0,2,1,3300,0,1930,3,100,0,0,0,740000,86000,4875,1
0,0,1,2,1,3700,1500,1910,3,100,0,1,1,740000,110000,5319,0
0,0,0,2,1,3200,0,1901,3,100,0,0,0,742000,48000,20303,1
0,0,0,2,1,3200,0,1901,3,100,0,0,0,742000,48000,20303,1
0,0,0,3,1,3200,0,1909,4,100,0,0,1,743000,60000,20303,1
0,0,0,3,1,2800,0,1965,3,100,0,0,0,743000,50000,3958,1
0,0,0,2,1,2429,0,1920,2,100,0,0,0,750000,50000,2924,1
0,0,0,3,1,3048,0,1930,2,100,0,0,0,750000,30000,2250,1
0,0,1,2,1,3840,0,1945,4,100,0,0,0,750000,125000,0,0
0,0,0,3,1,1966,0,1955,2,100,0,0,0,750000,30000,3501,1
0,0,0,2,1,2550,0,1930,2,100,0,0,0,750000,50000,2750,1
0,0,1,2,1,4020,0,1925,2,100,0,0,0,750000,75000,5700,0
0,0,0,2,1,2484,0,1901,2,100,0,0,0,750000,50000,1541,1
0,0,0,2,1,3120,1030,1901,3,100,0,1,0,750000,200000,3542,1
0,0,0,3,1,3298,0,1970,2,100,0,0,0,750000,50000,2567,1
0,0,0,3,1,3000,0,1910,2,100,0,0,0,756000,30000,2830,1
0,0,0,2,1,4200,1800,1931,3,100,0,1,0,756000,60000,0,1
0,0,0,2,3,5317,1425,1920,4,100,0,1,0,757875,150000,0,1
1,0,1,2,3,5317,1425,1920,4,100,0,1,0,757875,150000,0,0
0,0,0,2,1,4125,0,1903,3,100,0,0,0,759575,87000,5650,1
0,0,0,2,1,2805,0,1901,3,100,0,0,0,762484,50000,3428,1
0,0,0,2,1,2680,0,1950,3,100,0,0,0,764000,100000,1526,1
0,0,0,3,1,2550,0,1901,2,70,0,0,0,765000,50000,2750,1
0,0,0,3,1,3800,0,1900,4,100,0,0,0,765000,70000,6902,1
0,0,0,3,1,3360,1120,1930,3,100,0,1,0,770000,50000,5212,1
0,0,0,2,1,2860,0,1960,2,100,0,0,0,770000,50000,4075,1
0,0,0,3,1,3376,0,1910,3,100,0,0,0,770000,77000,0,1
0,0,0,2,1,3600,1200,1928,3,100,0,1,0,771000,100000,20303,1
0,0,0,2,1,2280,1140,1955,2,100,0,1,0,775000,500000,1722,1
0,0,0,2,1,3240,0,1910,3,100,0,0,0,775000,120000,3126,1
0,0,0,2,1,4432,2012,1930,3,100,0,1,0,777000,72000,0,1
0,0,0,3,1,4704,0,1998,4,100,0,0,0,779000,100000,0,1
0,0,0,2,1,3135,1000,1945,3,100,0,1,0,780000,125000,2818,1
0,0,1,2,1,3420,0,1931,4,100,0,0,0,780000,72000,3279,0
0,0,0,3,1,3900,0,1925,3,100,0,0,0,780000,18000,1785,1
0,0,0,3,1,2180,0,1920,2,100,0,0,0,786000,45000,3595,1
0,0,1,2,1,2600,0,1945,2,100,0,0,0,790000,92000,1435,0
1,0,1,2,1,2988,1000,1930,2,100,0,1,0,794000,79000,3785,0
0,0,0,3,1,3008,0,1920,2,100,0,0,0,800000,30000,2816,1
0,0,0,3,1,3268,0,1922,2,100,0,0,0,800000,50000,0,1
0,0,0,2,1,2700,0,1901,3,100,0,0,0,800000,75000,5364,1
0,0,0,3,1,3311,0,1925,3,100,0,0,1,800000,150000,4459,1
0,0,0,2,1,3000,0,1910,2,100,0,0,0,800000,120000,2830,1
0,0,0,2,1,2160,0,1950,2,100,0,0,0,800000,36000,1802,1
1,0,0,3,1,3000,0,1899,3,100,0,0,0,800000,80000,2830,0
0,0,0,2,1,2800,0,1928,4,100,0,0,0,800000,80000,3958,1
0,0,0,2,1,3018,1000,1925,3,100,0,1,0,800000,92000,7873,1
0,0,0,3,1,3600,0,2016,3,100,0,0,0,800000,150000,20303,1
0,0,0,3,1,2000,0,1905,2,100,0,0,0,800000,150000,0,1
0,0,0,2,1,3025,0,1955,2,100,0,0,0,800000,72000,3329,1
0,0,1,4,1,4520,0,2012,3,100,0,0,1,800000,22500,2984,0
0,0,1,2,1,4000,0,1950,3,100,0,0,0,800000,100000,4780,0
0,0,1,2,1,3300,0,1920,2,100,0,0,0,800000,60000,4875,0
0,0,1,2,1,3375,0,1931,3,100,0,0,0,800000,195000,4988,0
0,0,1,2,1,3375,0,1969,3,100,0,0,0,800000,100000,4988,0
0,0,0,2,1,3000,0,1975,3,100,0,0,0,800000,120000,2830,1
0,0,0,2,1,3585,1240,1930,3,100,0,1,0,806625,111600,6091,1
0,0,0,2,1,4500,0,1935,3,100,0,0,0,810000,108000,4101,1
0,0,0,3,1,3280,0,1923,2,100,0,0,0,818800,40000,3435,1
0,0,0,3,1,2000,0,1905,2,100,0,0,0,825000,40000,0,1
0,0,0,3,1,2868,0,1920,2,100,0,0,0,825000,0,3420,1
0,0,0,2,1,2949,0,1910,3,100,0,0,0,825000,58000,2633,1
0,0,0,3,1,4800,0,1900,4,100,0,0,0,840000,84000,3364,1
0,0,0,2,1,4228,0,1909,3,0,0,0,0,845000,200000,4496,1
0,0,0,2,1,3375,0,1931,3,100,0,0,0,850000,195000,4988,1
0,0,0,2,1,3300,0,1910,3,100,0,0,0,850000,25000,4875,1
0,0,0,4,1,3300,0,1970,3,100,0,0,0,850000,10000,4875,1
0,5,1,2,1,4240,1060,1910,4,100,0,1,0,850000,85000,5671,0
0,0,0,2,1,3400,0,1900,4,100,0,0,0,850000,30000,2755,1
0,0,0,2,1,3375,0,1931,3,100,0,0,0,850000,195000,4988,1
0,0,1,2,1,2900,0,1962,3,100,0,0,0,850000,75000,0,0
0,0,0,3,1,4000,0,1950,3,100,0,0,0,850000,50000,4780,1
0,0,0,2,1,2552,0,1931,4,100,0,0,0,850000,100000,3987,1
0,0,0,2,1,2560,0,1900,3,100,0,0,0,850000,15000,1846,1
0,0,0,2,1,4250,700,1905,4,100,0,1,0,850000,0,0,1
0,0,1,2,1,2500,0,1955,3,100,0,0,0,850000,170000,1686,0
0,0,0,2,3,3060,800,1910,4,100,0,1,1,850000,60000,1314,1
0,0,1,2,1,4300,1075,1925,3,100,0,1,0,850000,100000,3062,0
0,0,0,3,1,3360,0,1960,2,100,0,0,0,850000,0,5212,1
0,0,1,4,1,4560,0,2012,3,100,0,0,1,850000,25000,4773,0
5,0,1,2,3,5000,0,1899,3,100,0,0,0,860000,0,5500,0
0,0,0,2,1,3198,0,1930,2,100,0,0,0,860000,110400,3582,1
0,0,0,3,1,3480,0,1905,2,100,0,0,0,870000,10000,2625,1
0,0,1,3,1,4008,0,1925,3,100,0,0,1,875000,100000,61225,0
0,0,0,2,1,2864,0,1900,3,100,0,0,0,875000,28200,2294,1
0,0,1,2,1,3787,0,1931,4,100,0,0,0,875000,145000,0,0
0,0,1,2,1,2850,0,1915,3,100,0,0,0,875000,87000,6059,0
0,0,0,2,1,4400,0,1920,4,100,0,0,0,880000,180000,5668,1
0,0,0,4,1,4400,0,2018,4,100,0,0,0,880000,25000,5668,1
0,0,0,2,1,3000,0,1961,2,100,0,0,0,884000,96000,2830,1
0,0,0,2,1,2760,0,1901,2,100,0,0,0,892000,96000,2103,1
0,0,0,3,1,5183,0,1920,3,100,0,0,0,892000,148000,6554,1
0,0,0,3,1,5200,0,1960,3,100,0,0,0,895000,25000,4606,1
0,0,0,3,1,5200,0,1901,3,100,0,0,0,895000,80000,4606,1
0,0,1,2,1,4917,0,1931,3,100,0,0,0,896000,100000,3752,0
1,0,0,2,1,3040,0,1899,3,100,0,0,0,897600,25800,0,0
5,0,1,2,1,2820,0,1999,3,100,0,0,0,900000,153000,3188,0
0,0,0,2,3,3240,0,1965,3,100,0,0,0,900000,50000,3126,1
0,0,1,2,1,4680,0,1989,3,100,0,0,0,900000,50000,9099,0
0,0,0,2,1,2820,0,1999,0,100,0,0,0,900000,0,3188,1
0,0,1,2,1,4500,1000,2006,4,100,0,1,0,900000,120000,4101,0
0,0,1,2,1,4800,0,1950,3,100,0,0,0,900000,70000,3364,0
1,0,1,3,1,5184,0,1930,2,100,0,0,0,900000,0,1539,0
1,0,0,2,1,2280,0,1899,3,100,0,0,0,900000,90000,1722,0
0,0,0,3,1,5040,0,1989,3,100,0,0,0,900000,50000,0,1
0,0,0,2,1,4929,0,1930,3,100,0,0,0,900000,0,6043,1
1,0,0,2,1,2280,0,1899,3,100,0,0,0,900000,90000,1722,0
0,0,1,4,1,4826,0,2012,3,100,0,0,1,900000,27800,17388,0
0,0,0,3,1,4000,0,1950,3,100,0,0,0,900000,75000,4780,1
0,0,1,2,1,4551,0,1910,2,100,0,1,0,910000,67200,0,0
0,0,0,2,1,2736,0,1950,2,100,0,0,0,910500,91050,3135,1
1,0,0,2,1,4560,0,1899,3,100,0,0,0,912000,62000,4773,0
0,0,0,3,1,3780,0,1901,3,100,0,0,0,919000,50000,2729,1
0,0,0,3,1,3400,0,1988,2,100,0,0,0,920000,30000,2755,1
1,0,1,2,3,6778,1130,1920,6,100,0,1,0,930504,150000,83343,0
0,0,0,3,1,2480,0,1920,2,100,0,0,1,930750,0,1516,1
0,0,0,4,1,3800,0,1940,2,100,0,0,0,937000,0,6902,1
0,0,0,3,5,2836,0,1940,2,33,0,0,0,938000,281400,2933,1
0,0,0,2,1,4700,0,1987,3,100,0,0,0,940000,75000,2576,1
0,0,0,2,1,4275,0,1935,4,100,0,0,0,940500,138000,5190,1
0,0,0,3,1,4200,0,1936,3,100,0,0,0,945000,0,0,1
0,0,0,3,1,3100,0,1981,3,100,0,0,0,950000,0,0,1
0,0,0,2,1,4320,0,1991,4,100,0,0,0,950000,95000,7542,1
0,0,0,2,1,4620,1155,1900,4,100,0,1,1,950000,180000,2644,1
0,0,0,4,1,3200,0,2000,3,100,0,0,0,950000,25000,20303,1
0,0,0,3,1,4140,0,1964,3,100,0,0,0,950000,0,4953,1
0,0,1,3,1,6200,1200,1950,3,100,0,1,0,950000,58000,0,0
0,0,0,3,1,3800,0,1920,2,100,0,0,0,954400,80000,6902,1
0,0,0,2,1,3600,0,1931,3,100,0,0,0,955000,175000,20303,1
0,0,0,2,1,3840,1280,1950,3,100,0,1,0,956429,55000,0,1
0,0,0,3,1,2680,0,1940,2,100,0,0,0,958480,30000,1526,1
0,0,0,4,1,3200,0,1920,3,100,0,0,0,960000,0,20303,1
0,0,0,2,1,5600,0,1930,3,100,0,0,0,964000,0,8501,1
0,0,0,2,1,2900,0,1996,3,100,0,0,0,966000,100000,0,1
0,0,0,2,1,3350,0,1925,2,100,0,0,0,973800,75000,5050,1
0,0,0,2,1,4180,670,1962,3,100,0,1,0,975000,110000,1727,1
0,0,0,3,1,4290,0,1985,2,100,0,0,0,979000,0,0,1
0,0,0,2,1,3600,0,1961,2,100,0,0,0,984960,112627,20303,1
0,0,0,2,1,5160,0,1900,3,100,0,0,0,990000,120000,5770,1
0,0,0,2,1,5000,2400,1931,2,100,0,1,0,990000,87000,5500,1
0,0,0,3,1,5800,0,1931,3,100,0,0,0,998000,158000,5550,1
0,0,0,3,1,5880,1470,1982,3,100,0,1,0,999600,66000,7333,1
0,0,0,3,1,5880,1470,1982,3,100,0,1,0,999600,66000,7333,1
0,0,0,1,1,3268,0,1915,4,100,0,0,0,1000000,150000,0,1
0,0,0,1,1,3268,0,1915,4,100,0,0,0,1000000,150000,0,1
0,0,0,2,1,3000,0,1900,3,100,0,0,0,1000000,80000,2830,1
1,0,0,3,1,2475,0,1899,4,100,0,0,0,1000000,40000,2484,0
0,0,0,2,1,6114,0,2013,4,100,0,0,0,1000000,100000,5437,1
0,0,0,3,1,3090,0,1905,3,100,0,0,0,1000000,15000,2204,1
0,0,0,3,1,3234,0,2006,3,100,0,0,0,1000000,54000,2620,1
0,0,0,2,1,3600,0,1910,4,100,0,0,0,1000000,100000,20303,1
0,0,0,2,1,2950,0,1930,2,100,0,0,0,1000000,250000,4053,1
0,0,0,2,1,2700,0,1900,3,100,0,0,0,1000000,100000,5364,1
1,0,0,3,1,3700,0,1899,3,100,0,0,0,1000000,150000,5319,0
0,0,0,2,1,2580,0,1910,3,100,0,0,0,1000000,100000,2445,1
0,0,1,2,1,2160,0,1920,2,100,0,0,0,1000000,80000,1802,0
0,0,0,2,1,3388,0,1900,3,100,0,0,0,1000000,140000,3734,1
1,0,0,3,1,4038,1738,1890,3,100,0,1,1,1000000,100000,4119,0
0,0,0,3,1,3789,0,1900,3,100,0,0,0,1000000,250000,0,1
0,0,0,2,1,2464,0,1931,3,100,0,0,0,1000000,90000,2997,1
0,0,0,2,1,3720,0,1985,3,100,0,0,0,1000000,110000,4317,1
0,0,0,3,1,3630,0,1965,2,100,0,0,0,1000000,30000,0,1
0,0,0,2,1,3577,0,1960,3,100,0,0,0,1000000,60000,2985,1
0,0,0,2,1,4200,2100,1920,2,100,0,1,0,1000000,50000,0,1
1,0,0,2,1,3000,0,1899,3,100,0,0,0,1000000,75000,2830,0
0,0,0,2,1,6000,700,1989,3,100,0,1,0,1000000,75000,6528,1
0,0,0,2,1,3540,0,1927,3,100,0,0,0,1000000,100000,3813,1
0,0,0,2,1,3500,0,1901,3,100,0,0,1,1000000,100000,0,1
0,0,0,2,1,3600,0,1900,4,100,0,0,0,1000000,140000,20303,1
0,0,0,3,1,3026,0,1901,2,100,0,0,0,1000000,18000,5290,1
0,0,0,3,1,3850,0,1930,3,100,0,0,0,1000000,50000,4183,1
0,0,0,2,1,1734,0,1900,2,100,0,0,0,1000000,50000,4460,1
0,0,0,3,1,2000,0,1900,3,100,0,0,0,1000000,40000,0,1
0,0,0,2,1,2600,0,1930,2,100,0,0,0,1000000,30000,1435,1
0,0,1,2,1,3200,0,1910,2,100,0,0,0,1000000,100000,20303,0
0,0,1,3,1,4800,0,1970,3,100,0,0,0,1000000,100000,3364,0
0,0,0,3,1,2800,0,1900,3,100,0,0,0,1000000,35000,3958,1
1,0,0,2,1,3000,0,1899,3,100,0,0,0,1000000,75000,2830,0
0,0,0,2,1,3007,0,1901,3,100,0,0,0,1000000,70000,4517,1
0,0,0,3,1,3744,0,1901,4,100,0,0,0,1000000,40000,1696,1
0,0,0,2,1,5360,0,1990,4,100,0,0,0,1000000,106000,0,1
5,0,1,2,1,4030,0,1930,4,100,0,0,0,1000000,201600,3452,0
0,5,1,2,1,4875,0,1930,3,100,0,0,0,1000000,147000,6219,0
0,5,1,2,1,2400,0,1935,2,100,0,0,0,1000000,87600,1305,0
0,0,0,2,1,4000,0,1900,3,100,0,0,0,1000000,74400,4780,1
0,0,1,2,1,4488,0,1935,3,100,0,0,0,1000000,115000,2587,0
0,0,0,2,1,4400,500,1931,4,100,0,1,0,1000000,280000,5668,1
5,0,1,2,1,4224,0,1931,3,100,0,0,1,1000000,219300,3917,0
0,0,0,2,1,4060,0,1900,5,100,0,0,0,1015000,174000,3108,1
0,0,1,2,1,4960,2480,1950,2,100,0,1,0,1016800,100000,3502,0
0,0,1,2,1,4000,0,1909,3,100,0,0,0,1021769,100000,4780,0
0,0,0,2,1,3040,0,2017,3,100,0,0,0,1024500,110000,0,1
0,0,0,2,1,4046,0,1920,3,100,0,0,0,1026500,180000,8267,1
0,0,0,2,1,3990,1330,1931,3,100,0,1,0,1030000,35000,48254,1
0,0,0,3,1,3440,0,1930,2,100,0,0,0,1034400,36000,8668,1
0,0,0,2,3,5600,0,1930,3,100,0,0,0,1037594,103759,8501,1
0,0,0,2,3,3600,0,2007,0,100,0,0,0,1038000,90000,20303,1
0,0,0,2,1,5200,0,1910,4,100,0,0,0,1040000,65000,4606,1
0,0,0,3,1,5200,1300,1960,3,100,0,1,0,1040000,30000,4606,1
0,0,1,2,1,4538,0,1930,3,100,0,0,0,1040000,50000,22972,0
0,0,1,2,1,6000,1500,1950,4,100,0,1,0,1050000,120000,6528,0
0,0,0,2,1,3960,0,1931,2,100,0,0,0,1050000,25000,3055,1
0,0,0,3,1,2646,0,1965,3,100,0,0,0,1050000,25000,0,1
0,0,0,3,1,2646,0,1965,3,100,0,0,0,1050000,25000,0,1
0,0,0,2,1,3960,0,1939,3,100,0,0,0,1050000,25000,3055,1
1,0,0,3,1,3352,0,1899,3,100,0,0,0,1050600,0,0,0
0,0,0,3,1,3200,0,1920,2,100,0,0,0,1053000,34800,20303,1
1,0,0,2,3,4400,0,1899,4,100,0,0,0,1060000,193800,5668,0
0,0,1,2,1,5546,0,1934,4,100,0,0,0,1060800,150000,0,0
0,0,0,2,1,6064,0,1931,4,100,0,0,0,1061200,106120,7210,1
0,0,0,2,1,4300,1600,1940,4,100,0,1,0,1061208,36000,3062,1
0,0,0,2,1,4455,0,1931,3,100,0,0,0,1062500,102480,4310,1
0,0,0,2,1,3552,0,1901,2,100,0,0,0,1065244,100000,1431,1
0,0,0,3,1,3888,0,1925,2,100,0,0,0,1071000,50000,0,1
0,0,0,2,3,3600,0,2007,3,100,0,0,0,1078000,90000,20303,1
0,0,0,2,1,5400,0,1930,3,100,0,0,0,1080000,86000,6279,1
0,0,0,2,1,4000,0,1880,4,100,0,0,1,1081309,72000,4780,0
0,0,0,2,3,4960,0,1960,3,100,0,0,0,1100000,60000,3502,1
0,0,0,2,3,4144,0,1970,3,100,0,0,0,1100000,65000,4053,1
0,0,0,2,1,4875,0,1930,3,100,0,0,0,1100000,106632,6219,1
0,0,0,2,1,5500,1375,1958,4,100,0,1,0,1100000,140000,8490,1
0,0,0,2,1,3760,0,1920,3,100,0,0,0,1100000,156000,0,1
0,0,0,3,1,3600,0,1920,3,100,0,0,0,1100000,0,20303,1
0,0,0,3,1,4100,0,1970,3,100,0,0,0,1100000,70000,2261,1
0,0,0,2,1,4350,0,1931,3,100,0,0,0,1100000,216000,5794,1
0,0,0,3,1,4172,0,1915,2,100,0,0,0,1100000,60000,9567,1
0,0,0,2,1,4800,0,1986,3,100,0,0,0,1100000,65000,3364,1
0,0,0,2,1,5000,1000,1931,3,100,0,1,0,1100000,150000,5500,1
0,0,0,2,1,5000,0,1901,4,100,0,0,0,1103813,59606,5500,1
0,0,0,2,1,3300,0,1910,3,100,0,0,0,1104000,75000,4875,1
1,0,0,2,1,2850,950,1672,3,100,0,1,0,1111366,75000,6059,0
0,0,0,2,5,5904,0,1906,3,100,0,0,0,1115000,108000,3954,1
0,0,0,3,1,5880,1470,1982,3,100,0,1,0,1115000,66000,7333,1
0,0,0,3,1,4480,0,1910,3,100,0,0,0,1119000,0,5783,1
0,0,1,2,1,4500,0,1931,3,100,0,0,0,1125000,96000,4101,0
0,0,1,3,1,4500,0,1925,3,100,0,0,0,1125000,50000,4101,0
0,0,0,2,1,5400,2400,1920,4,100,0,1,0,1126944,120000,6279,1
0,0,0,3,1,6000,0,1970,3,100,0,0,0,1141000,30000,6528,1
0,0,0,3,1,6000,0,1970,3,100,0,0,0,1141000,36000,6528,1
0,0,0,3,1,4400,0,1930,2,100,0,0,0,1143000,36000,5668,1
0,0,1,3,1,4137,0,1939,2,100,0,1,0,1143000,25000,4131,0
0,0,0,2,1,6000,0,2006,3,100,0,0,0,1144000,114400,6528,1
0,0,0,2,1,4750,1000,1900,5,75,0,1,0,1150000,200000,7064,1
0,0,0,2,1,4283,1427,1901,3,100,0,1,0,1150194,350000,0,1
0,0,0,2,1,5600,0,1931,4,100,0,0,0,1153000,96000,8501,1
0,0,1,2,1,6550,3000,1930,4,100,0,1,0,1153160,110000,3462,0
0,0,0,2,1,4680,0,1977,3,100,0,0,0,1161000,68000,9099,1
1,0,1,2,1,6880,0,1915,4,100,0,0,0,1170000,61000,7819,0
0,0,0,2,1,4900,0,1940,2,100,0,0,1,1173000,20000,5013,1
0,0,0,2,1,5670,0,1923,3,100,0,0,0,1173500,102000,7692,1
0,0,1,2,1,3600,0,1899,2,100,0,0,0,1175000,125000,20303,0
0,0,0,4,1,5900,0,1930,4,100,0,0,1,1180000,76000,0,1
0,0,1,2,1,6733,1496,1910,4,100,0,1,0,1182308,170000,0,0
0,0,0,2,1,2430,0,2005,3,100,0,0,0,1185000,150000,1637,1
0,0,1,2,1,2043,0,2005,3,0,0,0,0,1185000,150000,2170,0
0,0,0,4,1,4752,0,2004,3,100,0,0,0,1188000,0,0,1
0,0,0,2,1,7000,0,1982,3,100,0,0,0,1190000,65000,11023,1
0,0,0,3,1,3600,0,1901,3,100,0,0,0,1195012,65000,20303,1
0,0,1,3,3,3600,0,1925,2,100,0,0,0,1195816,40000,20303,0
0,0,0,2,1,4600,0,1927,3,100,0,1,0,1196000,350000,5166,1
0,0,0,3,1,3300,0,1931,4,100,0,0,0,1200000,60000,4875,1
1,0,0,2,1,2630,0,1899,3,100,0,0,0,1200000,192000,0,0
0,0,0,2,1,2800,0,1920,2,100,0,0,0,1200000,80000,3958,1
0,0,0,2,3,5850,0,2007,3,100,0,0,0,1200000,75000,6894,1
0,0,0,3,1,2580,0,2019,2,100,0,0,1,1200000,0,2445,1
0,0,0,3,1,5265,1000,1930,3,100,0,1,0,1200000,40000,5158,1
0,0,1,4,3,3500,0,1905,4,100,0,0,1,1200000,120000,0,0
0,0,0,2,1,6715,0,2008,3,100,0,0,1,1200000,50000,0,1
1,0,1,2,1,3952,0,2004,4,100,0,0,0,1200000,108000,3834,0
0,0,0,3,1,1624,0,1900,2,100,0,0,0,1200000,60000,0,1
0,0,1,2,1,3096,0,1930,3,100,0,0,0,1200000,50000,0,0
0,0,0,2,1,4796,1200,1920,4,100,0,1,0,1200000,200000,15972,1
0,0,1,2,1,5400,1800,1935,3,100,0,1,0,1200000,150000,6279,0
0,0,0,2,1,2500,0,1925,2,100,0,0,0,1200000,40000,1686,1
0,0,0,3,1,3200,0,1920,3,100,0,0,0,1200000,40000,20303,1
0,0,0,2,1,4500,1050,1931,3,80,0,1,1,1200000,100000,4101,1
1,0,0,3,1,3000,0,1899,2,100,0,0,0,1200000,120000,2830,0
0,0,0,2,1,4300,0,2021,4,100,0,0,0,1200000,180000,3062,1
0,0,0,2,1,3200,0,1909,3,100,0,0,0,1200000,80000,20303,1
0,0,0,3,1,3909,0,1930,4,100,0,0,0,1200000,90000,15367,1
0,0,0,2,1,3080,0,1931,2,100,0,0,0,1200000,36000,3215,1
0,0,0,2,1,2500,0,1997,0,100,0,0,0,1200000,25000,1686,1
0,0,0,2,1,5000,1500,1931,2,100,0,1,0,1200000,140000,5500,1
0,0,0,2,3,5850,0,2007,4,100,0,0,0,1200000,10000,6894,1
1,0,0,2,1,2630,0,1899,3,100,0,0,0,1200000,192000,0,0
0,0,0,2,1,6000,1980,1931,3,100,0,1,0,1200000,0,6528,1
0,0,1,2,3,4000,0,2004,4,100,0,0,0,1200000,100000,4780,0
0,0,1,2,1,7100,0,1931,3,100,0,0,0,1208023,65000,6588,0
0,0,0,2,1,2223,0,1920,3,100,0,0,0,1224000,90000,7047,1
0,0,0,2,1,2223,0,1920,3,100,0,0,0,1224000,90000,7047,1
0,0,1,2,1,5500,1125,1931,5,85,0,1,0,1237500,200000,8490,0
0,0,0,4,1,5080,0,1980,4,100,0,0,0,1238000,0,4166,1
0,0,0,2,1,5750,0,1920,4,100,0,0,0,1245000,116000,6202,1
0,0,1,2,1,7200,0,1932,3,100,0,0,0,1250000,82000,7473,0
0,0,0,2,1,7000,2500,1931,3,100,0,1,0,1250000,180000,11023,1
0,0,0,2,3,4125,0,1910,4,100,0,0,0,1250000,72000,5650,1
0,0,0,3,1,3200,0,1900,3,100,0,0,0,1250000,60000,20303,1
0,0,0,2,1,4000,0,1905,3,100,0,0,0,1250000,80000,4780,1
0,0,0,3,3,4250,0,1965,3,100,0,0,0,1260000,25000,0,1
0,0,0,3,1,4120,0,1965,3,100,0,0,0,1260000,25000,20303,1
1,0,1,2,1,6880,740,1915,4,100,0,1,0,1281239,61000,7819,0
0,0,1,2,1,7500,2250,1940,2,100,0,1,1,1288000,219000,0,0
0,0,0,2,1,5500,0,1984,2,100,0,0,0,1289000,18300,8490,1
0,0,0,3,1,3000,0,1900,3,100,0,0,0,1300000,80000,2830,1
0,0,0,3,1,3600,0,1985,2,100,0,0,0,1300000,0,20303,1
0,0,0,2,1,3276,0,1931,4,100,0,0,0,1300000,108000,3138,1
0,0,0,2,1,2280,0,1930,3,100,0,0,0,1300000,100000,1722,1
0,0,0,2,1,5200,650,1945,4,100,0,1,0,1300000,100000,4606,1
0,0,1,2,1,2731,0,1920,2,100,0,0,0,1300000,0,5443,0
5,0,1,2,1,5000,2500,1920,3,80,0,1,0,1300000,200000,5500,0
0,0,0,2,1,2994,0,1900,3,100,0,0,1,1300000,120000,2947,1
0,0,0,2,1,5200,650,1945,4,100,0,1,0,1300000,100000,4606,1
0,0,1,2,1,6600,0,1920,3,100,0,0,0,1300000,160000,6503,0
1,0,0,2,1,3200,0,1880,3,100,0,0,0,1300000,70000,20303,0
0,0,1,2,1,5500,0,1931,4,100,0,0,0,1300000,240000,8490,0
0,0,0,2,2,3000,600,2020,4,100,0,1,0,1305000,105000,2830,1
0,0,0,3,1,2793,0,1901,3,100,0,0,1,1308000,65000,2489,1
0,0,0,2,1,4915,700,1915,5,100,0,1,0,1322000,174000,3752,1
0,0,0,3,1,5184,0,1930,2,100,0,0,0,1326125,50000,1539,1
0,0,1,2,1,6668,0,1920,4,100,0,0,0,1333600,160000,6624,0
0,0,1,2,1,8300,1800,1930,4,100,0,1,1,1340000,120000,2966,0
0,0,0,2,1,2903,0,1930,4,100,0,0,0,1346000,100000,0,1
0,0,0,2,1,6000,2000,1901,3,100,0,1,0,1349387,210000,6528,1
0,0,0,2,1,4972,1657,1910,4,100,0,1,1,1350000,100000,5790,1
5,0,1,3,1,2476,0,1900,3,100,0,0,1,1350000,100000,2484,0
0,0,1,2,1,2700,0,1925,2,100,0,0,0,1350000,72000,5364,0
0,0,0,3,1,3760,0,1899,4,100,0,0,0,1350000,135000,0,0
0,0,0,2,1,5508,0,1931,3,100,0,0,0,1377000,137700,0,1
0,0,0,2,1,3325,0,1900,3,100,0,0,0,1379170,40000,0,1
0,0,1,4,1,4080,0,2020,4,100,0,0,1,1400000,15000,4280,0
0,0,0,2,1,4000,0,1920,4,100,0,0,1,1400000,20000,4780,1
0,0,0,2,1,4778,0,1906,3,100,0,0,0,1400000,197000,0,1
0,0,0,2,1,5250,0,1931,3,100,0,0,0,1400000,300000,5924,1
0,0,0,2,1,7000,0,1982,3,100,0,0,0,1400000,60000,11023,1
0,0,0,2,1,5250,0,1935,3,100,0,0,1,1400000,160000,5924,1
1,0,0,3,1,3528,0,1899,3,100,0,0,0,1400000,140000,0,0
0,0,0,4,1,5244,0,1900,4,100,0,0,0,1400000,46000,7223,1
1,0,0,3,1,4000,0,1899,4,100,0,0,0,1400000,30600,4780,0
0,0,0,2,1,6250,0,1920,5,100,0,0,0,1400000,92000,10879,1
0,0,0,2,3,7000,500,1982,3,100,0,1,0,1400000,60000,11023,1
0,0,0,2,1,7112,0,1908,4,100,0,0,0,1407140,0,5687,1
0,0,0,3,1,3642,0,1899,4,100,0,0,1,1411050,80000,2994,0
0,0,0,2,1,5500,1000,1905,4,100,0,1,1,1415000,350000,8490,1
0,0,1,2,1,5670,0,1950,3,100,0,0,0,1417500,96000,7692,0
0,0,0,2,1,7152,0,1920,4,100,0,0,0,1435000,135000,5376,1
0,0,0,1,1,4558,0,1926,5,90,0,0,0,1438997,0,0,1
0,0,1,2,1,7000,1750,1940,3,100,0,1,1,1446000,204000,11023,0
0,0,0,2,1,5500,0,1930,3,100,0,0,0,1450000,60000,8490,1
0,0,0,4,1,4900,0,1967,2,100,0,0,1,1450000,200000,5013,1
0,0,0,3,1,2336,0,1921,3,100,0,0,0,1450000,25000,2254,1
0,0,1,2,1,5850,1950,1910,3,100,0,1,0,1450643,75000,6894,0
0,0,0,2,1,4165,0,1924,4,100,0,0,1,1457750,180000,5287,1
0,0,0,4,1,5940,0,1920,4,100,0,0,0,1485000,20000,0,1
0,0,0,2,1,3960,1250,1910,4,100,0,1,0,1487922,109000,3055,1
1,0,0,2,1,3696,0,1899,2,100,0,0,0,1500000,45000,6199,0
0,0,0,2,1,8508,0,1931,4,100,0,0,0,1500000,100000,0,1
0,0,0,2,2,6604,0,2017,4,100,0,1,0,1500000,190000,6503,1
1,0,1,2,1,7260,0,1920,4,100,0,0,0,1500000,200000,29982,0
0,0,0,2,3,7452,2650,1930,3,100,0,1,0,1500000,300000,0,1
0,0,0,2,1,4400,0,2008,3,100,0,0,0,1500000,0,5668,1
0,0,0,3,1,3400,0,1935,2,100,0,0,0,1500000,50000,2755,1
0,0,0,2,1,7000,0,1928,4,100,0,0,0,1500000,100000,11023,1
0,0,0,2,1,3200,0,1920,4,100,0,0,1,1500000,150000,20303,1
0,0,0,2,1,3828,0,1901,4,100,0,0,0,1500000,0,2920,1
0,0,1,2,1,3583,0,1925,3,0,0,0,0,1500000,150000,0,0
0,0,0,3,1,6789,0,1960,3,100,0,0,0,1500000,100000,0,1
0,0,1,2,3,5000,0,2009,4,100,0,0,0,1500000,200000,5500,0
0,0,0,2,2,7500,0,2019,4,100,0,0,0,1500000,200000,0,1
0,5,1,2,1,4200,0,1910,4,100,0,0,1,1500000,232920,0,0
0,0,0,3,1,6150,0,1925,3,100,0,0,1,1500000,75000,5896,1
0,0,0,2,1,6951,0,1947,4,100,0,0,0,1500000,75000,4228,1
1,0,1,3,1,4524,0,1975,3,100,0,0,0,1500000,50000,0,0
1,0,0,3,1,3791,0,1855,4,100,0,0,0,1500000,150000,0,0
0,0,1,3,1,7000,1000,1930,3,100,0,1,0,1500000,50000,11023,0
0,0,0,3,3,4000,0,2018,4,100,0,0,0,1500000,40000,4780,1
0,0,1,2,1,4200,800,1930,3,100,0,1,1,1500000,80000,0,0
0,0,0,2,1,5760,0,1931,4,100,0,0,0,1500000,250000,7444,1
0,0,0,4,1,4729,0,1920,3,100,0,0,0,1510000,250000,8258,1
0,0,0,3,1,5230,0,2016,3,100,0,0,0,1520000,25000,0,1
0,0,0,2,1,5600,2000,1931,3,100,0,1,0,1520000,150000,8501,1
0,0,0,3,1,8111,0,2014,4,100,0,0,0,1523000,100000,0,1
0,0,0,2,1,6156,0,1920,4,100,0,0,0,1539000,72000,5617,1
0,0,0,2,1,6480,0,1910,4,100,0,0,0,1547000,175000,0,1
0,0,0,2,1,7128,0,1905,4,100,0,0,0,1547100,175000,8040,1
1,0,1,2,1,6364,0,1905,4,87,0,0,0,1550000,325000,4182,0
0,0,0,3,1,4134,0,1935,2,100,0,0,0,1561920,150000,2087,1
0,0,0,2,1,8125,0,1905,4,100,0,0,0,1576000,120000,7682,1
0,0,0,2,1,7920,0,2003,3,100,0,0,0,1584000,0,10728,1
1,0,0,2,1,7920,0,2003,3,100,0,0,0,1584000,90000,10728,0
0,0,0,3,1,4842,0,1900,3,100,0,0,1,1600000,0,0,1
0,0,0,2,1,7000,0,1940,4,100,0,0,0,1600000,200000,11023,1
0,0,1,2,1,7200,1800,1935,4,100,0,1,0,1600000,200000,7473,0
1,0,0,2,1,11375,0,1913,4,100,0,0,0,1600000,60000,17336,0
0,0,0,2,1,7000,0,1940,4,100,0,0,0,1600000,200000,11023,1
1,0,1,2,1,7840,0,1898,3,100,0,0,0,1600000,160000,9078,0
1,0,0,3,1,4100,0,1854,4,100,0,0,0,1600000,125000,2261,0
0,0,0,3,1,6300,2100,1970,3,100,0,1,0,1600000,0,9833,1
0,0,0,2,1,4875,0,1941,3,100,0,0,1,1600000,206000,6219,1
0,0,1,2,1,6000,1500,1931,4,100,0,1,0,1624826,150000,6528,0
0,0,0,2,1,6500,0,1931,4,100,0,0,0,1625000,162500,5776,1
0,0,0,3,1,7020,0,1930,3,100,0,0,1,1631500,40000,13047,1
0,0,0,2,1,6600,0,1910,5,100,0,0,0,1637000,250000,6503,1
0,0,0,2,1,7700,0,1905,4,100,0,0,0,1648889,150000,7783,1
0,0,0,2,1,6736,0,1930,4,100,0,0,0,1650000,168000,0,1
0,5,1,2,1,8310,1250,1910,3,100,0,1,0,1652461,302400,4918,0
1,0,0,2,1,6800,0,1910,4,100,0,0,0,1673000,60000,6025,1
0,0,1,2,1,10700,0,1930,4,100,0,0,0,1674657,0,0,0
0,0,0,2,1,4180,0,1931,4,100,0,0,0,1675000,187000,1727,1
0,0,0,4,1,7461,0,1990,3,100,0,0,0,1680000,18000,0,1
0,0,0,2,1,6705,0,1900,5,100,0,0,0,1684000,379800,9231,1
0,0,1,2,1,5000,1250,1900,4,100,0,1,0,1687296,300000,5500,0
0,0,0,2,1,7500,1500,1910,0,85,0,1,0,1687500,300000,0,1
1,0,1,1,1,6730,0,1900,5,100,0,0,0,1688500,200000,8504,0
0,0,0,2,1,4075,0,1910,3,100,0,0,0,1688833,165572,0,1
0,0,1,2,1,8400,0,1931,4,100,0,0,0,1700000,150000,7637,0
1,5,0,2,1,6835,1697,1925,3,100,0,1,0,1700000,115000,16347,0
0,0,0,3,1,3000,0,1901,4,100,0,0,0,1700000,150000,2830,1
0,0,1,2,1,8500,1000,1931,3,100,0,1,0,1700000,0,9708,0
0,0,0,2,1,6183,0,1920,5,100,0,0,0,1700000,266833,8776,1
0,0,0,4,1,7000,0,2001,3,100,0,0,0,1719744,18000,11023,1
0,0,0,1,1,6820,0,1910,5,100,0,0,0,1736000,152000,6549,1
0,0,0,2,1,8500,0,1935,4,100,0,0,1,1740000,200000,9708,1
0,0,0,2,3,8700,2500,2016,5,100,0,1,0,1750000,240000,13505,1
1,0,1,2,1,5960,0,1910,4,100,0,0,0,1750000,199000,0,0
0,0,0,2,4,10440,5000,1998,2,100,0,1,0,1750000,125000,8359,1
0,0,0,1,1,5777,0,1920,4,100,0,0,0,1750000,75000,6473,1
0,0,0,2,1,10440,5220,1998,2,100,0,1,0,1750000,200000,8359,1
0,0,0,2,1,4000,0,1900,4,100,0,0,0,1750000,115000,4780,1
1,0,1,2,1,6092,0,1900,4,100,0,0,0,1750000,199000,0,0
1,0,1,2,1,9179,0,1900,5,100,0,0,0,1750000,200000,5481,0
0,0,1,2,1,8780,3500,1930,4,100,0,1,1,1756000,40000,9369,0
0,0,0,2,1,8100,0,1930,3,100,0,0,0,1760000,172800,0,1
0,0,0,2,3,10085,0,2004,4,100,0,1,0,1764875,144000,7697,1
0,0,0,2,3,10085,0,2004,4,100,0,0,0,1764875,144000,7697,1
0,0,0,2,1,6928,0,1985,4,100,0,0,0,1768000,240000,8284,1
0,0,0,2,1,9450,1575,1931,3,100,0,1,0,1781150,200000,10999,1
0,0,0,2,1,7200,0,1929,3,100,0,0,0,1800000,270000,7473,1
0,0,0,2,1,5000,2400,1920,4,100,0,1,1,1800000,250000,5500,1
1,0,1,2,1,8700,2177,1930,4,100,0,1,1,1800000,360000,13505,0
0,0,0,2,2,5900,0,2020,4,100,0,0,0,1800000,50000,0,1
0,0,0,2,1,3040,0,1901,4,100,0,0,1,1800000,160000,0,1
0,0,1,4,1,9984,0,2012,4,100,0,0,1,1800000,52700,17388,0
0,0,0,2,2,4359,0,2013,4,100,0,0,0,1800000,250000,3856,1
0,0,0,2,1,6075,0,1931,3,100,0,0,1,1822500,150000,7298,1
0,0,0,2,1,6500,0,2020,5,100,0,0,0,1850000,240000,5776,1
0,0,0,3,1,5250,0,1970,3,100,0,0,0,1850000,35000,5924,1
0,0,0,2,1,10500,0,1920,3,100,0,0,0,1851336,183000,10808,1
0,0,0,3,1,4100,0,1910,3,100,0,0,0,1860000,40000,2261,1
0,0,0,2,3,7660,0,2008,4,100,0,0,0,1870000,245845,4158,1
0,0,0,2,3,7660,0,2007,4,100,0,0,0,1870000,245845,4158,1
0,0,0,2,3,7660,0,2007,4,100,0,0,0,1870000,245844,4158,1
0,0,0,2,1,7410,1795,1910,4,100,0,1,0,1884000,100000,8301,1
0,0,0,1,1,6465,0,1910,4,100,0,0,0,1884000,0,0,1
0,0,0,2,2,7586,0,2018,4,100,0,0,0,1896500,360000,9912,1
0,0,0,2,1,3780,0,1931,4,100,0,0,0,1900000,175000,2729,1
1,0,0,2,1,2346,0,1899,3,100,0,0,0,1900000,140000,11670,0
1,0,0,2,1,2346,0,1899,3,100,0,0,0,1900000,140000,11670,0
1,0,0,2,1,2630,0,1899,0,100,0,0,0,1900000,140000,0,0
0,0,0,4,1,6274,0,1901,4,0,0,0,1,1900000,100000,10401,1
0,0,1,2,1,5088,1000,1910,4,100,0,1,0,1900000,195000,19442,0
0,0,1,2,1,5917,3215,1900,4,100,0,1,0,1900000,165000,7816,0
0,0,0,2,1,8928,0,1990,3,100,0,0,0,1923000,48000,0,1
0,0,1,2,1,6804,2268,1910,3,100,0,1,0,1946500,0,0,0
0,0,0,3,1,4186,0,1930,3,100,0,0,1,1950000,350000,2584,1
0,0,0,2,1,8000,0,1910,6,100,0,0,0,1950000,300000,9135,1
0,0,0,2,3,5046,0,2019,4,100,0,0,0,1950000,185000,5956,1
0,0,0,2,1,8040,2010,1976,3,100,0,1,0,1952082,198732,0,1
1,0,1,2,1,9688,0,1900,5,100,0,0,0,1975000,200000,3532,0
0,0,1,2,1,6120,0,1931,4,100,0,0,0,1989000,275700,5626,0
0,0,1,2,1,9000,0,1945,3,100,0,0,0,1990000,200000,9794,0
1,0,0,1,3,5000,0,1870,5,100,0,0,1,2000000,50000,5500,0
0,0,0,4,1,6500,0,1997,4,100,0,0,0,2000000,150000,5776,1
0,0,0,3,1,5477,0,1931,4,100,0,0,1,2000000,200000,6011,1
0,0,0,2,4,7000,0,2019,3,100,0,0,0,2000000,100000,11023,1
0,0,1,3,1,4842,0,1900,3,100,0,0,1,2000000,0,0,0
0,0,0,2,3,3800,0,2019,4,100,0,0,0,2000000,50000,6902,1
0,0,1,3,1,5000,0,2016,3,0,0,0,0,2000000,200000,5500,0
0,0,0,2,1,5825,1941,1975,3,100,0,1,0,2000000,83000,4886,1
0,0,0,2,1,7425,1350,1975,3,100,0,1,0,2000000,83000,0,1
0,0,0,4,1,7599,0,1930,4,100,1,0,0,2000000,75000,0,1
0,0,0,2,1,5773,2000,1960,3,100,0,1,0,2000000,250253,6942,1
0,0,0,2,2,6511,0,2019,5,100,0,0,0,2000000,200000,5555,1
0,0,0,2,1,7600,0,1915,4,100,0,0,0,2000000,265800,41555,1
1,0,0,1,3,5000,0,1870,5,100,0,0,1,2000000,50000,5500,0
0,0,0,4,1,6500,0,2015,4,100,0,0,0,2000000,25000,5776,1
0,0,0,2,1,5000,0,2008,4,100,0,0,0,2000000,150000,5500,1
0,0,0,2,2,6570,0,2020,4,75,0,0,0,2000000,170000,9033,1
0,0,0,3,1,7000,0,1990,3,100,0,0,1,2000000,35000,11023,1
0,0,0,4,1,6500,0,2015,4,100,0,0,0,2000000,25000,5776,1
0,0,0,3,1,4000,0,2004,3,100,0,0,0,2000000,100000,4780,1
1,0,0,3,1,2400,0,1899,3,100,0,0,1,2000000,100000,1305,0
0,0,1,2,1,7018,0,1910,6,100,1,0,0,2000000,450000,10506,0
0,0,1,2,1,6479,0,1900,5,100,0,0,0,2000000,390879,0,0
0,0,1,2,1,8580,1716,1910,5,100,0,1,0,2000000,200000,23149,0
0,0,0,1,1,4719,0,1900,5,100,0,0,0,2000000,86985,0,1
0,0,0,3,1,2904,0,1901,2,100,0,0,0,2000000,50000,1503,1
5,5,1,2,1,9208,2302,1921,4,100,0,1,0,2004542,250000,9346,0
0,0,0,2,3,4896,0,1931,4,100,0,0,1,2007360,231600,13668,1
0,0,0,2,1,5000,0,2020,4,100,0,0,0,2015000,50000,5500,1
0,0,1,2,1,9375,1400,1920,5,100,0,1,0,2019375,350000,9107,0
0,0,0,2,1,9000,0,1930,5,100,0,0,0,2025000,711000,9794,1
0,0,0,2,1,9000,1875,1910,5,90,0,1,0,2025000,350000,9794,1
0,0,0,2,1,5100,1700,1920,3,100,0,1,0,2040000,229379,5230,1
0,0,0,2,1,9600,0,2016,4,100,0,0,1,2051000,50000,7302,1
0,0,0,2,3,8219,0,2020,6,100,0,0,1,2054750,0,15260,1
0,0,0,2,1,4500,0,1930,4,100,0,0,1,2100000,110000,4101,1
0,0,0,2,1,11400,0,1900,5,100,0,0,0,2100000,202000,21796,1
0,0,0,2,1,8000,1200,1930,3,100,0,1,0,2100000,235000,9135,1
0,0,1,1,1,8020,0,1920,5,100,0,0,0,2101250,232000,0,0
0,0,1,2,1,9375,1875,1912,5,90,0,1,0,2109375,350000,9107,0
0,0,1,2,1,9375,0,1920,5,90,0,0,0,2109375,350000,9107,0
0,0,0,2,1,7750,0,2020,4,100,0,0,0,2131250,72000,9867,1
0,0,1,2,3,7605,0,2017,5,100,0,0,0,2136410,372600,41555,0
0,0,0,3,1,7500,0,2016,4,100,0,0,0,2154000,75000,0,1
5,5,1,4,1,6400,0,1873,4,100,0,0,1,2164934,0,0,0
0,0,0,2,3,4400,2200,2021,3,100,0,1,1,2200000,250000,5668,1
0,0,0,2,1,8398,0,2007,5,100,0,0,1,2200000,300000,12802,1
0,0,0,2,1,5720,0,1910,5,100,0,0,0,2200000,350000,0,1
0,0,1,2,1,11004,0,1931,4,100,0,0,0,2201000,289460,13326,0
0,0,0,2,1,5616,0,1965,3,100,0,0,0,2225500,163000,12508,1
0,0,0,2,1,6600,0,1997,3,100,0,0,0,2237000,72000,6503,1
0,0,0,2,1,9375,0,1910,5,90,0,0,0,2238000,300000,9107,1
0,0,0,2,1,12500,0,2015,3,100,0,0,0,2250000,450000,15869,1
1,0,0,1,1,7480,0,1834,4,100,0,0,1,2252649,250000,0,0
0,0,0,2,3,4500,0,1931,3,100,0,0,1,2271360,252000,4101,1
0,0,1,2,1,11200,0,1989,4,100,0,0,0,2300000,120000,15929,0
0,0,0,4,1,7480,0,1910,4,100,0,0,0,2300000,250000,0,1
1,0,1,2,1,6760,1690,1930,3,100,0,1,0,2340675,308547,6940,0
0,0,0,1,1,10930,0,1920,5,100,0,0,0,2351839,112000,8949,1
0,0,0,2,1,7874,0,1931,5,100,0,0,0,2360000,320000,26389,1
5,5,1,2,1,7885,4467,1920,2,100,0,1,0,2362327,150000,0,0
0,0,1,4,1,10000,0,1990,3,100,0,0,0,2367000,50000,6921,0
0,0,1,2,1,18936,3565,1910,6,88,0,1,0,2400000,300000,0,0
0,0,0,2,3,11990,2998,2016,4,100,0,1,0,2400000,276000,0,1
0,0,0,3,1,4800,0,1901,4,100,0,0,0,2400000,250000,3364,1
0,0,0,2,3,10000,3700,1900,4,100,0,1,0,2400000,240000,6921,1
1,0,0,2,1,11700,1500,1927,4,100,0,1,0,2400000,285000,13285,0
0,0,0,2,1,11700,1500,1927,4,100,0,1,0,2400000,285000,13285,0
0,0,0,2,1,11700,1500,1927,4,100,0,1,0,2400000,285000,13285,0
0,0,0,2,1,7000,0,1901,4,60,0,0,1,2400000,125000,11023,1
0,0,0,4,1,9123,0,1950,4,100,0,0,1,2420000,50000,9335,1
0,0,0,3,1,5736,0,2018,4,100,0,0,1,2449895,62400,8410,1
0,0,0,2,3,8356,0,2018,4,100,0,0,0,2469825,340000,0,1
0,0,0,3,3,3520,0,2018,4,100,0,0,0,2500000,0,6639,1
0,0,0,3,1,2905,0,1901,2,100,0,0,1,2500000,50000,1503,1
0,0,0,2,1,13200,0,1929,4,100,0,0,0,2500000,200000,7635,1
0,0,0,2,1,3300,0,1910,4,100,0,0,0,2500000,150000,4875,1
0,0,0,3,1,2904,0,1901,2,100,0,0,1,2500000,110000,1503,1
0,0,0,3,1,4842,0,1900,3,100,0,0,1,2500000,100000,0,1
0,0,0,3,1,4842,0,1900,3,100,0,0,1,2500000,100000,0,1
0,0,0,4,1,6784,0,1910,5,100,0,0,0,2500000,68000,9298,1
0,0,0,3,1,7020,0,2016,3,100,0,0,0,2500000,66000,13047,1
0,0,0,3,1,5184,0,2013,2,100,0,0,0,2500000,25000,1539,1
1,0,1,2,1,15000,0,1913,4,100,0,0,0,2500000,275000,11930,0
0,0,1,2,1,2018,0,1905,3,100,0,0,0,2500000,120000,1447,0
0,0,0,3,1,6000,0,1970,3,100,0,0,0,2500000,150000,6528,1
0,0,0,3,3,3520,0,2018,4,100,0,0,0,2500000,0,6639,1
0,0,0,2,3,5500,0,2020,5,100,0,0,0,2500000,80000,8490,1
0,0,1,2,1,9757,2817,1910,4,100,0,1,0,2500000,500000,0,0
0,0,1,2,1,7950,1300,1931,4,100,0,1,1,2504250,361920,9050,0
0,0,0,2,1,11631,0,1920,3,100,0,0,0,2541760,350000,17950,1
0,0,0,2,3,9700,0,2010,4,100,0,0,0,2564525,150000,60952,1
0,0,1,2,1,16620,4155,1930,4,100,0,1,0,2577000,310000,18112,0
0,0,1,1,3,6200,0,1901,5,100,0,0,0,2583000,250000,0,0
0,0,1,2,1,5325,1000,1988,4,100,0,1,0,2600000,500000,6796,0
0,0,0,2,2,7505,0,2019,5,100,0,0,0,2600000,240000,9509,1
0,0,1,4,1,14000,0,2001,3,100,0,0,0,2600000,100000,7793,0
1,0,0,2,1,7490,1400,1909,5,100,0,1,1,2600000,326000,4456,0
0,0,0,2,1,12170,2434,1931,5,100,0,1,0,2600000,550000,20047,1
0,0,0,4,1,11315,0,2006,4,100,0,0,0,2600000,350000,12462,1
1,0,1,4,3,9500,0,2007,4,100,0,0,0,2601000,40000,17348,0
5,1,1,2,1,3686,0,1910,2,100,0,0,0,2601439,100000,2768,0
5,0,1,1,1,4368,0,1910,5,100,0,0,0,2620800,150000,1324,0
0,0,0,2,1,11250,1300,1920,6,95,0,1,0,2657000,350000,0,1
0,0,0,2,1,5705,0,2019,4,100,0,0,0,2704000,0,6226,1
0,0,0,2,1,6178,1500,1960,5,100,0,1,0,2730000,250000,9411,1
0,0,0,2,3,7468,0,2019,4,100,0,0,0,2758225,401000,7683,1
0,0,1,2,1,9600,875,1910,3,100,0,1,0,2799999,426000,7302,0
0,0,0,4,1,10377,0,2009,3,100,0,0,1,2800000,70000,26389,1
0,0,0,2,2,8797,0,1931,4,100,0,0,0,2800000,200000,7142,1
1,0,1,2,1,14543,0,1900,6,100,0,0,0,2909000,200000,0,0
1,0,1,2,1,6190,0,1903,5,100,0,0,0,3000000,168000,3512,0
5,0,1,3,1,6000,0,2018,3,100,0,0,1,3000000,300000,6528,0
0,0,0,3,1,4000,0,1910,4,100,0,0,0,3000000,100000,4780,1
0,0,0,2,1,3000,0,1900,3,100,0,0,0,3000000,100000,2830,1
0,0,1,2,1,10750,2134,1930,5,100,0,1,0,3000000,432000,16409,0
0,0,0,2,1,3000,0,1900,3,100,0,0,0,3000000,100000,2830,1
0,0,0,4,3,14500,0,2006,6,100,0,0,0,3000000,25000,16775,1
0,0,0,4,3,11725,0,2021,5,100,0,0,0,3000000,0,0,1
0,0,0,3,3,6000,0,2019,3,100,0,0,1,3000000,0,6528,1
0,0,1,2,1,7064,0,1910,4,100,0,0,0,3000000,250000,7918,0
0,0,1,2,1,9575,3407,1901,5,90,1,1,0,3000000,496608,0,0
0,0,0,4,3,11637,0,2020,6,80,0,0,0,3015000,0,13666,1
0,0,1,4,1,9130,0,2018,4,100,0,0,0,3016000,240000,0,0
0,0,1,2,1,7600,1900,1910,5,100,0,1,0,3040000,494867,41555,0
0,0,1,2,3,14913,0,2019,8,100,0,0,0,3050000,475000,14049,0
0,0,0,2,3,6000,0,2016,5,100,0,0,0,3084448,400000,6528,1
0,0,0,2,3,6000,0,2016,5,100,0,0,0,3084448,400000,6528,1
0,0,1,2,1,14080,0,1935,4,100,0,0,0,3100000,450000,17550,0
0,0,0,4,1,13515,0,2012,4,100,0,0,0,3113760,150000,10376,1
0,0,1,2,1,18000,0,1927,4,100,0,0,0,3134000,419254,16661,0
0,0,0,2,1,6000,0,1900,5,100,0,0,1,3180000,0,6528,1
0,0,1,2,3,12024,0,1910,4,100,0,0,0,3200000,782000,19260,0
1,0,0,2,3,9548,3012,1915,4,100,0,1,0,3200000,552000,0,1
0,0,1,2,1,13000,0,1930,4,100,0,0,0,3242961,150000,13732,0
0,0,0,2,1,6800,0,1904,3,100,0,0,1,3250000,250000,6025,1
0,0,1,2,1,16936,0,1936,4,95,0,0,0,3300000,381000,14647,0
1,0,0,2,1,7920,1980,1910,4,100,0,1,0,3300000,353008,10728,0
0,0,0,2,2,9000,0,2015,6,100,0,0,0,3320000,550000,9794,1
0,0,1,2,1,11550,0,1920,6,100,0,0,0,3450000,550000,7180,0
0,0,0,4,3,17465,0,2020,4,100,0,0,0,3493000,80000,35875,1
0,0,0,3,1,5844,0,1901,2,100,0,0,1,3500000,30000,2356,1
0,0,0,3,1,8100,0,2002,3,100,0,0,0,3500000,35000,0,1
0,0,1,2,2,13984,0,2017,8,100,0,0,0,3520000,537564,14319,0
0,0,0,2,1,18809,5000,1920,4,100,0,1,0,3529400,682200,0,1
0,0,0,4,2,18495,0,1997,5,100,0,0,0,3585798,50000,7635,1
1,0,0,2,1,4576,0,1899,4,100,0,0,0,3615000,500000,1883,0
0,0,0,2,3,12967,0,2010,4,100,0,0,0,3625000,15978,4404,1
0,0,0,2,1,4800,0,1900,4,100,0,0,0,3630200,120000,3364,1
0,0,0,4,3,11922,0,2013,4,100,0,0,0,3649959,19200,10557,1
0,0,1,2,1,21400,0,1931,4,100,0,0,0,3680800,60000,20082,0
0,0,1,4,3,16992,0,2014,7,100,0,0,0,3702000,100000,0,0
0,0,0,2,1,2750,1000,1910,3,100,0,1,0,3750000,377000,1928,1
0,0,0,2,3,14000,0,1927,5,100,0,0,0,3800000,225000,7793,1
0,0,0,2,1,17600,0,1921,4,100,0,0,0,3900000,228000,20788,1
0,0,0,2,1,26126,0,1931,4,100,0,0,0,3918900,387000,19569,1
1,0,0,3,1,3680,0,1899,3,100,0,0,0,4000000,150000,3053,0
0,0,0,2,1,4000,0,1901,3,100,0,0,1,4000000,150000,4780,1
0,0,0,2,1,3950,0,1900,4,100,0,0,0,4083000,294600,3439,1
0,0,1,2,1,18000,0,1930,3,100,0,0,0,4200000,300000,16661,0
0,0,0,4,2,18000,0,2004,6,100,0,0,0,4300000,0,16661,1
0,0,0,1,3,7500,0,2018,6,25,0,0,1,4400000,100000,0,1
0,0,0,4,1,12500,3400,1900,5,100,0,1,0,4492000,50000,15869,1
0,0,1,3,1,3541,0,1900,1,10,0,0,0,4500000,0,4280,0
0,0,0,2,1,9492,2700,1901,6,95,0,1,1,4500000,798707,8219,1
0,0,0,2,1,6200,1500,1905,3,86,0,1,1,4500000,80000,0,1
0,0,1,4,3,15667,0,2008,4,100,0,0,0,4537000,72489,0,0
0,0,0,2,2,14500,0,2020,5,80,0,0,0,4543865,400000,16775,1
0,0,0,4,3,11500,3500,2021,6,60,0,1,0,4600000,300000,8133,1
0,0,1,2,3,20000,9550,1952,3,100,0,1,1,4600000,750000,11973,0
0,0,0,2,3,11200,0,1965,4,100,0,0,0,4600000,400000,15929,1
1,0,0,2,3,4626,1000,1878,5,100,0,1,0,4626000,400000,5321,0
0,0,0,1,1,15000,0,1908,4,100,0,0,0,4680000,100000,11930,1
0,0,0,1,1,17197,0,1921,5,100,0,0,0,4700000,300000,16694,1
1,0,1,4,1,5193,0,1880,5,100,0,0,0,4727241,50908,7504,0
0,0,0,2,1,23760,0,1925,4,100,0,0,0,4752000,350000,0,1
0,0,0,3,1,4000,0,1901,3,100,0,0,0,4786000,60000,4780,1
0,0,0,2,3,9685,0,2018,5,100,0,0,0,4800000,478944,0,1
0,0,0,2,1,23708,0,1925,4,100,0,0,0,4895000,544958,0,1
0,0,0,2,2,11500,0,2020,4,100,0,0,0,4995000,474000,8133,1
0,0,0,2,1,23312,0,1926,4,93,0,0,0,5000000,450000,0,1
0,0,0,2,3,11091,0,1931,5,100,0,0,1,5000000,375000,14381,1
0,0,0,2,1,4000,0,1901,5,100,0,0,1,5000000,60000,4780,1
0,0,0,4,2,16708,0,2020,8,80,0,0,1,5000000,77000,12676,0
0,0,1,2,1,18023,3023,1900,6,100,0,1,0,5000000,1000000,16661,0
0,0,0,2,3,7000,0,1900,3,100,1,0,1,5000000,150000,11023,1
0,0,1,2,1,23280,0,1930,4,100,0,0,0,5005200,366143,0,0
0,0,0,2,1,23280,0,1930,4,100,0,0,0,5005200,366143,0,1
0,0,0,4,2,13537,0,2020,5,0,0,0,0,5300000,250000,10529,1
0,0,0,2,3,17089,0,2014,5,100,0,0,0,5500000,829500,0,1
0,0,0,2,2,16275,0,1950,5,100,0,0,1,5500000,540000,13437,1
0,0,0,4,3,13300,1669,1910,6,100,0,1,1,5613000,215200,0,1
1,0,1,4,1,20000,0,1920,4,100,0,0,0,5659590,10000,11973,0
0,0,0,2,1,17000,4250,1917,4,100,0,1,0,5800000,100000,14858,1
0,0,0,2,1,17490,3400,1920,5,92,0,1,0,5846986,0,35875,1
0,0,0,4,1,18205,2700,2014,6,100,0,1,0,6000000,25000,15481,1
0,0,1,4,1,27886,6840,2004,8,100,0,1,0,6000000,140000,0,0
0,0,1,4,2,16000,0,2020,6,100,0,0,0,6000000,600000,18256,0
0,0,0,4,1,27886,6840,2004,8,100,0,1,0,6000000,140000,0,0
0,0,0,4,1,21450,0,1920,6,100,0,0,1,6000000,250000,19581,1
0,0,0,2,1,16500,0,2019,4,100,0,0,0,6100000,717600,13058,1
0,0,1,1,1,21800,2133,1920,6,100,0,1,1,6489000,2500000,9578,0
0,0,1,2,2,25058,0,2020,8,80,0,0,0,6600000,1000000,24820,0
0,0,0,2,3,6938,0,1910,3,100,0,0,0,6600000,660000,11897,1
1,0,0,1,1,19190,0,1910,5,100,0,0,0,6619100,0,0,0
0,0,1,4,2,21660,3000,2020,7,100,0,1,0,6686535,463073,0,0
0,0,1,2,1,6300,0,1920,4,100,0,0,0,7500000,50000,9833,0
0,0,1,2,3,20612,0,2012,8,100,0,0,0,8000000,771012,0,0
0,0,1,2,2,22455,6554,2004,7,100,0,1,0,8250000,1159568,25879,0
0,0,1,4,2,22446,0,2007,6,100,0,0,0,9209600,0,23359,0
0,0,0,2,1,7100,0,1913,5,100,0,0,1,10000000,108000,6588,1
0,0,0,2,1,15500,0,2020,5,100,0,0,0,10102287,500000,0,1
0,0,0,2,1,15500,5000,2020,5,100,0,1,0,10102287,500000,0,1
0,0,0,2,1,10210,2000,1910,6,100,0,1,0,10250000,828000,11928,1
1,0,1,4,1,23000,2500,1900,6,100,0,1,0,11698586,1000000,23916,0
0,0,1,2,1,8724,0,1920,5,100,0,0,0,12000000,720000,16492,0
0,0,0,4,2,40754,0,2019,6,100,0,0,0,12000000,550000,0,1
0,0,1,2,1,47735,5000,1940,5,100,0,1,1,12348795,1958200,0,0
5,5,1,1,2,44572,2500,1909,12,100,0,1,0,12792000,1000000,22896,0
1,0,0,4,2,107000,9800,2020,11,30,0,1,0,30000000,3000000,82663,0
0,0,1,2,2,44853,3838,2018,12,100,0,1,0,35000000,643000,22896,0
